{
    "items": [
        {
            "Name": "ENVIRONEMENT",
            "TextColor": {
                "r": 1.0,
                "g": 0.06132078170776367,
                "b": 0.06132078170776367,
                "a": 1.0
            },
            "IsGradientBackground": false,
            "BackgroundColor": {
                "r": 0.9593565464019775,
                "g": 1.0,
                "b": 0.0,
                "a": 1.0
            },
            "BackgroundGradient": {
                "serializedVersion": "2",
                "key0": {
                    "r": 1.0,
                    "g": 0.9734197854995728,
                    "b": 0.0,
                    "a": 1.0
                },
                "key1": {
                    "r": 0.8773584961891174,
                    "g": 0.6739609241485596,
                    "b": 0.19450871646404267,
                    "a": 0.6196078658103943
                },
                "key2": {
                    "r": 0.0,
                    "g": 0.0,
                    "b": 0.0,
                    "a": 0.0
                },
                "key3": {
                    "r": 0.0,
                    "g": 0.0,
                    "b": 0.0,
                    "a": 0.0
                },
                "key4": {
                    "r": 0.0,
                    "g": 0.0,
                    "b": 0.0,
                    "a": 0.0
                },
                "key5": {
                    "r": 0.0,
                    "g": 0.0,
                    "b": 0.0,
                    "a": 0.0
                },
                "key6": {
                    "r": 0.0,
                    "g": 0.0,
                    "b": 0.0,
                    "a": 0.0
                },
                "key7": {
                    "r": 0.0,
                    "g": 0.0,
                    "b": 0.0,
                    "a": 0.0
                },
                "ctime0": 0,
                "ctime1": 65535,
                "ctime2": 0,
                "ctime3": 0,
                "ctime4": 0,
                "ctime5": 0,
                "ctime6": 0,
                "ctime7": 0,
                "atime0": 0,
                "atime1": 41441,
                "atime2": 0,
                "atime3": 0,
                "atime4": 0,
                "atime5": 0,
                "atime6": 0,
                "atime7": 0,
                "m_Mode": 0,
                "m_ColorSpace": -1,
                "m_NumColorKeys": 2,
                "m_NumAlphaKeys": 2
            },
            "FontSize": 12,
            "FontStyle": 1,
            "TextAnchor": 4,
            "ImageType": 11
        },
        {
            "Name": "GAMEPLAY",
            "TextColor": {
                "r": 1.0,
                "g": 0.06132078170776367,
                "b": 0.06132078170776367,
                "a": 1.0
            },
            "IsGradientBackground": false,
            "BackgroundColor": {
                "r": 0.9593565464019775,
                "g": 1.0,
                "b": 0.0,
                "a": 1.0
            },
            "BackgroundGradient": {
                "serializedVersion": "2",
                "key0": {
                    "r": 1.0,
                    "g": 0.9734197854995728,
                    "b": 0.0,
                    "a": 1.0
                },
                "key1": {
                    "r": 0.8773584961891174,
                    "g": 0.6739609241485596,
                    "b": 0.19450871646404267,
                    "a": 0.6196078658103943
                },
                "key2": {
                    "r": 0.0,
                    "g": 0.0,
                    "b": 0.0,
                    "a": 0.0
                },
                "key3": {
                    "r": 0.0,
                    "g": 0.0,
                    "b": 0.0,
                    "a": 0.0
                },
                "key4": {
                    "r": 0.0,
                    "g": 0.0,
                    "b": 0.0,
                    "a": 0.0
                },
                "key5": {
                    "r": 0.0,
                    "g": 0.0,
                    "b": 0.0,
                    "a": 0.0
                },
                "key6": {
                    "r": 0.0,
                    "g": 0.0,
                    "b": 0.0,
                    "a": 0.0
                },
                "key7": {
                    "r": 0.0,
                    "g": 0.0,
                    "b": 0.0,
                    "a": 0.0
                },
                "ctime0": 0,
                "ctime1": 65535,
                "ctime2": 0,
                "ctime3": 0,
                "ctime4": 0,
                "ctime5": 0,
                "ctime6": 0,
                "ctime7": 0,
                "atime0": 0,
                "atime1": 41441,
                "atime2": 0,
                "atime3": 0,
                "atime4": 0,
                "atime5": 0,
                "atime6": 0,
                "atime7": 0,
                "m_Mode": 0,
                "m_ColorSpace": -1,
                "m_NumColorKeys": 2,
                "m_NumAlphaKeys": 2
            },
            "FontSize": 12,
            "FontStyle": 1,
            "TextAnchor": 4,
            "ImageType": 11
        },
        {
            "Name": "MANAGERS",
            "TextColor": {
                "r": 1.0,
                "g": 0.06132078170776367,
                "b": 0.06132078170776367,
                "a": 1.0
            },
            "IsGradientBackground": false,
            "BackgroundColor": {
                "r": 0.9593565464019775,
                "g": 1.0,
                "b": 0.0,
                "a": 1.0
            },
            "BackgroundGradient": {
                "serializedVersion": "2",
                "key0": {
                    "r": 1.0,
                    "g": 0.9734197854995728,
                    "b": 0.0,
                    "a": 1.0
                },
                "key1": {
                    "r": 0.8773584961891174,
                    "g": 0.6739609241485596,
                    "b": 0.19450871646404267,
                    "a": 0.6196078658103943
                },
                "key2": {
                    "r": 0.0,
                    "g": 0.0,
                    "b": 0.0,
                    "a": 0.0
                },
                "key3": {
                    "r": 0.0,
                    "g": 0.0,
                    "b": 0.0,
                    "a": 0.0
                },
                "key4": {
                    "r": 0.0,
                    "g": 0.0,
                    "b": 0.0,
                    "a": 0.0
                },
                "key5": {
                    "r": 0.0,
                    "g": 0.0,
                    "b": 0.0,
                    "a": 0.0
                },
                "key6": {
                    "r": 0.0,
                    "g": 0.0,
                    "b": 0.0,
                    "a": 0.0
                },
                "key7": {
                    "r": 0.0,
                    "g": 0.0,
                    "b": 0.0,
                    "a": 0.0
                },
                "ctime0": 0,
                "ctime1": 65535,
                "ctime2": 0,
                "ctime3": 0,
                "ctime4": 0,
                "ctime5": 0,
                "ctime6": 0,
                "ctime7": 0,
                "atime0": 0,
                "atime1": 41441,
                "atime2": 0,
                "atime3": 0,
                "atime4": 0,
                "atime5": 0,
                "atime6": 0,
                "atime7": 0,
                "m_Mode": 0,
                "m_ColorSpace": -1,
                "m_NumColorKeys": 2,
                "m_NumAlphaKeys": 2
            },
            "FontSize": 12,
            "FontStyle": 1,
            "TextAnchor": 4,
            "ImageType": 11
        },
        {
            "Name": "UI",